https://www.pongsantchin.com/homepage-2	https://images.squarespace-cdn.com/content/v1/67ede6ebb3e25f4526e84593/59cdb33d-0d0d-4f94-b842-5e71488f892e/Screenshot+2025-04-02+at+11.48.25%E2%80%AFPM.png	assets/site-import/images/0073_Screenshot+2025-04-02+at+11.48.25%E2%80%AFPM.png
https://www.pongsantchin.com/homepage-2	https://images.squarespace-cdn.com/content/v1/67ede6ebb3e25f4526e84593/c7788b5f-1400-43b4-92b7-093daf8e5207/logo+2.png	assets/site-import/images/0157_logo+2.png
https://www.pongsantchin.com/homepage-2	https://images.squarespace-cdn.com/content/v1/67ede6ebb3e25f4526e84593/97e29b26-5362-4642-b9cb-014815972f1c/pongsant+poster.jpg	assets/site-import/images/0123_pongsant+poster.jpg
https://www.pongsantchin.com/homepage-2	https://images.squarespace-cdn.com/content/v1/67ede6ebb3e25f4526e84593/b77e4265-0d75-4cb4-adaf-b24ac95a5e18/1.jpg	assets/site-import/images/0146_1.jpg
https://www.pongsantchin.com/homepage-2	https://images.squarespace-cdn.com/content/v1/67ede6ebb3e25f4526e84593/5b8b75b0-f99d-408d-a354-c9020ffb8dbe/1.jpg	assets/site-import/images/0075_1.jpg
https://www.pongsantchin.com/homepage-2	https://images.squarespace-cdn.com/content/v1/67ede6ebb3e25f4526e84593/a0eb0e78-cb07-4b98-bb30-3242535bb61f/Screenshot+2026-01-04+at+22.32.39.png	assets/site-import/images/0130_Screenshot+2026-01-04+at+22.32.39.png
https://www.pongsantchin.com/homepage-2	https://images.squarespace-cdn.com/content/v1/67ede6ebb3e25f4526e84593/aa2b990a-daf8-406b-a367-aee322b6244b/Screenshot+2026-01-04+at+22.42.42.png	assets/site-import/images/0134_Screenshot+2026-01-04+at+22.42.42.png
https://www.pongsantchin.com/homepage-2	https://images.squarespace-cdn.com/content/v1/67ede6ebb3e25f4526e84593/19afb0f4-0b53-492a-a018-e354ef687478/L1000282.jpeg	assets/site-import/images/0025_L1000282.jpeg
https://www.pongsantchin.com/homepage-2	https://images.squarespace-cdn.com/content/v1/67ede6ebb3e25f4526e84593/14a5d2ee-856c-490d-a8b3-cba2f0706420/IMG_2138.JPG	assets/site-import/images/0018_IMG_2138.JPG
https://www.pongsantchin.com/homepage-2	https://images.squarespace-cdn.com/content/v1/67ede6ebb3e25f4526e84593/6661cd94-6529-4abb-b7be-e6fb9233eeae/IMG_2292.JPG	assets/site-import/images/0088_IMG_2292.JPG
https://www.pongsantchin.com/homepage-2	https://images.squarespace-cdn.com/content/v1/67ede6ebb3e25f4526e84593/739f12a1-ae13-4bfa-ad25-7a71f9327bc3/IMG_2265.JPG	assets/site-import/images/0099_IMG_2265.JPG
https://www.pongsantchin.com/about	https://images.squarespace-cdn.com/content/v1/67ede6ebb3e25f4526e84593/f388fe0d-4ac9-4f34-b6ea-288d7b3b60aa/IMG_8477.JPG	assets/site-import/images/0182_IMG_8477.JPG
https://www.pongsantchin.com/contact	https://images.squarespace-cdn.com/content/v1/67ede6ebb3e25f4526e84593/48ac0efe-8b0e-462e-b62a-9eff1b07e57c/IMG_2186.JPG	assets/site-import/images/0060_IMG_2186.JPG
https://www.pongsantchin.com/photo	https://images.squarespace-cdn.com/content/v1/67ede6ebb3e25f4526e84593/4e54875e-b4dc-442b-91f9-339a2c77fb52/IMG_2186.JPG	assets/site-import/images/0064_IMG_2186.JPG
https://www.pongsantchin.com/photo	https://images.squarespace-cdn.com/content/v1/67ede6ebb3e25f4526e84593/c4335ecb-c266-40bf-96c2-fad47319a128/IMG_1094.JPG	assets/site-import/images/0153_IMG_1094.JPG
https://www.pongsantchin.com/photo	https://images.squarespace-cdn.com/content/v1/67ede6ebb3e25f4526e84593/2e3d2f8d-3f19-4b09-b3bd-795b8108063e/IMG_2152.JPG	assets/site-import/images/0042_IMG_2152.JPG
https://www.pongsantchin.com/photo	https://images.squarespace-cdn.com/content/v1/67ede6ebb3e25f4526e84593/97b6f18b-d04b-4636-9163-9df3c396059f/IMG_1253.JPG	assets/site-import/images/0122_IMG_1253.JPG
https://www.pongsantchin.com/photo	https://images.squarespace-cdn.com/content/v1/67ede6ebb3e25f4526e84593/e2861369-d946-43f9-92c2-9c6c2a1b1628/IMG_2135.JPG	assets/site-import/images/0172_IMG_2135.JPG
https://www.pongsantchin.com/photo	https://images.squarespace-cdn.com/content/v1/67ede6ebb3e25f4526e84593/4b9c76c0-75fa-4698-bda5-19440baa11bf/IMG_2163.JPG	assets/site-import/images/0062_IMG_2163.JPG
https://www.pongsantchin.com/photo	https://images.squarespace-cdn.com/content/v1/67ede6ebb3e25f4526e84593/f75aab1d-eabb-4ebc-a248-ac8f67d93897/IMG_2136.JPG	assets/site-import/images/0187_IMG_2136.JPG
https://www.pongsantchin.com/photo	https://images.squarespace-cdn.com/content/v1/67ede6ebb3e25f4526e84593/e2562844-3ea7-4882-8a62-729c7808c1eb/IMG_2292.JPG	assets/site-import/images/0171_IMG_2292.JPG
https://www.pongsantchin.com/photo	https://images.squarespace-cdn.com/content/v1/67ede6ebb3e25f4526e84593/29bb2536-3f89-460b-bed6-a4483de3a4e2/IMG_2138.JPG	assets/site-import/images/0032_IMG_2138.JPG
https://www.pongsantchin.com/photo	https://images.squarespace-cdn.com/content/v1/67ede6ebb3e25f4526e84593/bd6daeaa-dc4a-4361-8da3-69f1997b3fb5/L1000065.jpeg	assets/site-import/images/0150_L1000065.jpeg
https://www.pongsantchin.com/photo	https://images.squarespace-cdn.com/content/v1/67ede6ebb3e25f4526e84593/21a04535-3ed0-4908-90a7-cafadfbf2906/IMG_2150.JPG	assets/site-import/images/0029_IMG_2150.JPG
https://www.pongsantchin.com/photo	https://images.squarespace-cdn.com/content/v1/67ede6ebb3e25f4526e84593/14f1cf8d-f777-4392-b5cb-fed274b00555/L1000282.jpeg	assets/site-import/images/0019_L1000282.jpeg
https://www.pongsantchin.com/photo	https://images.squarespace-cdn.com/content/v1/67ede6ebb3e25f4526e84593/ba63a4cf-0006-4644-abad-b91415a72ee3/IMG_2233.JPG	assets/site-import/images/0149_IMG_2233.JPG
https://www.pongsantchin.com/photo	https://images.squarespace-cdn.com/content/v1/67ede6ebb3e25f4526e84593/7a5b228a-1aec-42fb-8d21-dcd2aa3492bf/IMG_2198.JPG	assets/site-import/images/0103_IMG_2198.JPG
https://www.pongsantchin.com/photo	https://images.squarespace-cdn.com/content/v1/67ede6ebb3e25f4526e84593/04ce3e22-f694-4b76-8093-fe023aa2e1a9/IMG_2207.JPG	assets/site-import/images/0004_IMG_2207.JPG
https://www.pongsantchin.com/photo	https://images.squarespace-cdn.com/content/v1/67ede6ebb3e25f4526e84593/b67dc229-aa64-40dc-88d0-e248fc1e4d06/IMG_2118.JPG	assets/site-import/images/0145_IMG_2118.JPG
https://www.pongsantchin.com/photo	https://images.squarespace-cdn.com/content/v1/67ede6ebb3e25f4526e84593/63508c72-0b0e-423d-95a6-012bf64b3f80/IMG_2229.JPG	assets/site-import/images/0084_IMG_2229.JPG
https://www.pongsantchin.com/photo	https://images.squarespace-cdn.com/content/v1/67ede6ebb3e25f4526e84593/17db36ce-a49d-403e-9077-31edd04b49c2/IMG_2259.JPG	assets/site-import/images/0023_IMG_2259.JPG
https://www.pongsantchin.com/photo	https://images.squarespace-cdn.com/content/v1/67ede6ebb3e25f4526e84593/5d4a3e6c-d49e-4172-a74d-1e736bfe7568/IMG_2265+2.JPG	assets/site-import/images/0079_IMG_2265+2.JPG
https://www.pongsantchin.com/photo	https://images.squarespace-cdn.com/content/v1/67ede6ebb3e25f4526e84593/e22f3666-56f7-4bbe-b073-cd925f5b3694/IMG_2269.JPG	assets/site-import/images/0170_IMG_2269.JPG
https://www.pongsantchin.com/photo	https://images.squarespace-cdn.com/content/v1/67ede6ebb3e25f4526e84593/550e3f52-c840-4b2c-9a51-0eab3971e2a5/IMG_2284.JPG	assets/site-import/images/0070_IMG_2284.JPG
https://www.pongsantchin.com/photo	https://images.squarespace-cdn.com/content/v1/67ede6ebb3e25f4526e84593/4298fb25-3405-462a-9d21-fd8775a48221/IMG_2291.JPG	assets/site-import/images/0054_IMG_2291.JPG
https://www.pongsantchin.com/photo	https://images.squarespace-cdn.com/content/v1/67ede6ebb3e25f4526e84593/45b5f169-4ff8-4e92-8c71-c5a2d59dd49b/L1000078.jpeg	assets/site-import/images/0057_L1000078.jpeg
https://www.pongsantchin.com/photo	https://images.squarespace-cdn.com/content/v1/67ede6ebb3e25f4526e84593/ea09bacb-8cb9-4c31-846c-efb95b59b751/IMG_2295.JPG	assets/site-import/images/0175_IMG_2295.JPG
https://www.pongsantchin.com/photo	https://images.squarespace-cdn.com/content/v1/67ede6ebb3e25f4526e84593/8f2e1380-3c24-4e38-bcf1-c35c99498be9/L1000072.jpeg	assets/site-import/images/0118_L1000072.jpeg
https://www.pongsantchin.com/photo	https://images.squarespace-cdn.com/content/v1/67ede6ebb3e25f4526e84593/b51236b7-b6a6-425e-a19c-52d14efd75e4/L1000082.jpeg	assets/site-import/images/0144_L1000082.jpeg
https://www.pongsantchin.com/photo	https://images.squarespace-cdn.com/content/v1/67ede6ebb3e25f4526e84593/d1111f76-74a6-461c-a8b7-16f210678452/L1000114.jpeg	assets/site-import/images/0164_L1000114.jpeg
https://www.pongsantchin.com/photo	https://images.squarespace-cdn.com/content/v1/67ede6ebb3e25f4526e84593/0d6c6782-90ba-48b0-8aea-ef59a6068f04/L1000236.jpeg	assets/site-import/images/0011_L1000236.jpeg
https://www.pongsantchin.com/photo	https://images.squarespace-cdn.com/content/v1/67ede6ebb3e25f4526e84593/0eebe614-c182-4715-91e7-bf80b31176f6/L1000260.jpeg	assets/site-import/images/0014_L1000260.jpeg
https://www.pongsantchin.com/drawing	https://images.squarespace-cdn.com/content/v1/67ede6ebb3e25f4526e84593/f80fed9e-fffc-495f-b9a3-b96488253ee5/1.jpg	assets/site-import/images/0188_1.jpg
https://www.pongsantchin.com/drawing	https://images.squarespace-cdn.com/content/v1/67ede6ebb3e25f4526e84593/facd7bdb-0129-47c8-8bc6-ff5c78ea3aad/2.jpg	assets/site-import/images/0192_2.jpg
https://www.pongsantchin.com/drawing	https://images.squarespace-cdn.com/content/v1/67ede6ebb3e25f4526e84593/50e754e2-58e5-4e2f-9447-65cf6421489f/3.jpg	assets/site-import/images/0066_3.jpg
https://www.pongsantchin.com/drawing	https://images.squarespace-cdn.com/content/v1/67ede6ebb3e25f4526e84593/54c7abd5-87d8-41b2-8530-e68d2bd9bba6/4.jpg	assets/site-import/images/0069_4.jpg
https://www.pongsantchin.com/drawing	https://images.squarespace-cdn.com/content/v1/67ede6ebb3e25f4526e84593/5cb4d6c0-c8eb-44d9-8e97-c9aa262865b6/5.jpg	assets/site-import/images/0077_5.jpg
https://www.pongsantchin.com/drawing	https://images.squarespace-cdn.com/content/v1/67ede6ebb3e25f4526e84593/e20ee322-0d00-4629-90b6-95d6181c0cdb/6.jpg	assets/site-import/images/0169_6.jpg
https://www.pongsantchin.com/drawing	https://images.squarespace-cdn.com/content/v1/67ede6ebb3e25f4526e84593/ad937a2d-500b-464a-8782-8ec844dc5e17/7.jpg	assets/site-import/images/0140_7.jpg
https://www.pongsantchin.com/drawing	https://images.squarespace-cdn.com/content/v1/67ede6ebb3e25f4526e84593/9ce4ea8c-1731-47ab-ab8f-8edc234a9886/8.jpg	assets/site-import/images/0127_8.jpg
https://www.pongsantchin.com/drawing	https://images.squarespace-cdn.com/content/v1/67ede6ebb3e25f4526e84593/685d742f-3d29-4eb0-85b4-84584177d673/IMG_0640+copy.JPG	assets/site-import/images/0091_IMG_0640+copy.JPG
https://www.pongsantchin.com/drawing	https://images.squarespace-cdn.com/content/v1/67ede6ebb3e25f4526e84593/46e28389-d8a7-4bfb-942e-3bca25e9cd33/IMG_0641+copy.JPG	assets/site-import/images/0059_IMG_0641+copy.JPG
https://www.pongsantchin.com/drawing	https://images.squarespace-cdn.com/content/v1/67ede6ebb3e25f4526e84593/0b1c6a56-76f8-46ac-82c5-67ece5b48552/IMG_0642+copy.JPG	assets/site-import/images/0008_IMG_0642+copy.JPG
https://www.pongsantchin.com/drawing	https://images.squarespace-cdn.com/content/v1/67ede6ebb3e25f4526e84593/74212828-162d-4a54-a0d5-160fa5f8ef5f/IMG_0666+copy.JPG	assets/site-import/images/0100_IMG_0666+copy.JPG
https://www.pongsantchin.com/drawing	https://images.squarespace-cdn.com/content/v1/67ede6ebb3e25f4526e84593/ddfbf616-adc8-4cb6-ab77-22424d93ac27/IMG_0667+copy.JPG	assets/site-import/images/0167_IMG_0667+copy.JPG
https://www.pongsantchin.com/drawing	https://images.squarespace-cdn.com/content/v1/67ede6ebb3e25f4526e84593/f6a0ec15-c904-4383-b725-0e530bba1fb5/Untitled_Artwork+copy.jpg	assets/site-import/images/0186_Untitled_Artwork+copy.jpg
https://www.pongsantchin.com/drawing	https://images.squarespace-cdn.com/content/v1/67ede6ebb3e25f4526e84593/1743827551481-VAPCRUNUF299RLYKW938/IMG_0668%2Bcopy.jpg	assets/site-import/images/0022_IMG_0668%2Bcopy.jpg
https://www.pongsantchin.com/drawing	https://images.squarespace-cdn.com/content/v1/67ede6ebb3e25f4526e84593/bf6e74dc-8529-4095-9047-66a0d5952e7d/9.jpg	assets/site-import/images/0151_9.jpg
https://www.pongsantchin.com/graphic-design/project-six-sz8wl-bb73t	https://images.squarespace-cdn.com/content/v1/67ede6ebb3e25f4526e84593/6f43e521-572b-453f-b8a2-a7ed91a39d42/3.jpg	assets/site-import/images/0097_3.jpg
https://www.pongsantchin.com/graphic-design/project-six-sz8wl-bb73t	https://images.squarespace-cdn.com/content/v1/67ede6ebb3e25f4526e84593/c4f1ad92-8e4e-403c-a393-c02486f3bad2/2.jpg	assets/site-import/images/0154_2.jpg
https://www.pongsantchin.com/graphic-design/project-six-sz8wl-bb73t	https://images.squarespace-cdn.com/content/v1/67ede6ebb3e25f4526e84593/cdcf5904-7713-49e7-bfac-e071a45c8ff4/4.jpg	assets/site-import/images/0161_4.jpg
https://www.pongsantchin.com/graphic-design/project-six-sz8wl-bb73t	https://images.squarespace-cdn.com/content/v1/67ede6ebb3e25f4526e84593/0b6a2783-21f0-4141-8a1a-f9c640884f34/5.jpg	assets/site-import/images/0009_5.jpg
https://www.pongsantchin.com/graphic-design/project-six-sz8wl-bb73t	https://images.squarespace-cdn.com/content/v1/67ede6ebb3e25f4526e84593/5b476256-116f-4a8f-a49d-70b84f25b62f/6.jpg	assets/site-import/images/0074_6.jpg
https://www.pongsantchin.com/graphic-design/project-six-sz8wl-bb73t	https://images.squarespace-cdn.com/content/v1/67ede6ebb3e25f4526e84593/83e35de8-af19-4385-82ae-b0d5bdff0cde/7.jpg	assets/site-import/images/0111_7.jpg
https://www.pongsantchin.com/graphic-design/project-six-sz8wl-bb73t	https://images.squarespace-cdn.com/content/v1/67ede6ebb3e25f4526e84593/b8c906cd-5fdc-4aa0-b75f-d14b34812054/8.jpg	assets/site-import/images/0147_8.jpg
https://www.pongsantchin.com/graphic-design/project-six-sz8wl-bb73t	https://images.squarespace-cdn.com/content/v1/67ede6ebb3e25f4526e84593/97f4f20b-1514-40ac-9286-2f6f0309c3f1/9.jpg	assets/site-import/images/0124_9.jpg
https://www.pongsantchin.com/graphic-design/project-six-sz8wl-bb73t	https://images.squarespace-cdn.com/content/v1/67ede6ebb3e25f4526e84593/a06526d3-ad6b-4afa-8826-a619f0ef8992/10.jpg	assets/site-import/images/0129_10.jpg
https://www.pongsantchin.com/graphic-design/project-six-sz8wl-bb73t	https://images.squarespace-cdn.com/content/v1/67ede6ebb3e25f4526e84593/618e73d2-67f0-4d35-91d3-8ca1b60af63d/1.jpg	assets/site-import/images/0082_1.jpg
https://www.pongsantchin.com/graphic-design/project-six-6f87e-hep2b	https://images.squarespace-cdn.com/content/v1/67ede6ebb3e25f4526e84593/f99e3c6e-acc7-456b-a31b-a88c7ae8bf47/Screenshot+2026-01-04+at+22.31.47.png	assets/site-import/images/0189_Screenshot+2026-01-04+at+22.31.47.png
https://www.pongsantchin.com/graphic-design/project-six-6f87e-hep2b	https://images.squarespace-cdn.com/content/v1/67ede6ebb3e25f4526e84593/5c700560-3ff0-4266-bfcd-a8244b5b2811/Screenshot+2026-01-04+at+22.32.39.png	assets/site-import/images/0076_Screenshot+2026-01-04+at+22.32.39.png
https://www.pongsantchin.com/graphic-design/project-six-6f87e-hep2b	https://images.squarespace-cdn.com/content/v1/67ede6ebb3e25f4526e84593/1b53bbde-8920-4dd0-b22a-c7b36557cbba/Screenshot+2026-01-04+at+22.33.00.png	assets/site-import/images/0026_Screenshot+2026-01-04+at+22.33.00.png
https://www.pongsantchin.com/graphic-design/project-five-jkmzy-r6ser	https://images.squarespace-cdn.com/content/v1/67ede6ebb3e25f4526e84593/57821cab-9215-4610-b4ad-6d49ae8a9da7/1.jpg	assets/site-import/images/0072_1.jpg
https://www.pongsantchin.com/graphic-design/project-five-jkmzy-r6ser	https://images.squarespace-cdn.com/content/v1/67ede6ebb3e25f4526e84593/92fba436-4b86-452a-b955-66d7b2db6e8e/2.jpg	assets/site-import/images/0120_2.jpg
https://www.pongsantchin.com/graphic-design/project-five-jkmzy-r6ser	https://images.squarespace-cdn.com/content/v1/67ede6ebb3e25f4526e84593/cd776036-0c36-4380-a2da-085f13bf09a6/3.jpg	assets/site-import/images/0160_3.jpg
https://www.pongsantchin.com/graphic-design/project-five-jkmzy-r6ser	https://images.squarespace-cdn.com/content/v1/67ede6ebb3e25f4526e84593/65d7691a-6303-4c2b-bf56-63391375a409/4.jpg	assets/site-import/images/0086_4.jpg
https://www.pongsantchin.com/graphic-design/project-four-yjynj-8m64e	https://images.squarespace-cdn.com/content/v1/67ede6ebb3e25f4526e84593/2387e681-8da3-4bbe-aabb-6aa698b247dc/4.jpg	assets/site-import/images/0030_4.jpg
https://www.pongsantchin.com/graphic-design/project-four-yjynj-8m64e	https://images.squarespace-cdn.com/content/v1/67ede6ebb3e25f4526e84593/df7d1372-97e6-4fa2-bae0-d1bf2650a7db/3.jpg	assets/site-import/images/0168_3.jpg
https://www.pongsantchin.com/graphic-design/project-four-yjynj-8m64e	https://images.squarespace-cdn.com/content/v1/67ede6ebb3e25f4526e84593/88fe8c43-abf4-4f87-b301-02ef13cf67b4/1.jpg	assets/site-import/images/0115_1.jpg
https://www.pongsantchin.com/graphic-design/project-four-yjynj-8m64e	https://images.squarespace-cdn.com/content/v1/67ede6ebb3e25f4526e84593/828240a6-dc4e-4c76-bf24-58277d77353b/2.jpg	assets/site-import/images/0110_2.jpg
https://www.pongsantchin.com/graphic-design/project-three-8zgh7-7kart	https://images.squarespace-cdn.com/content/v1/67ede6ebb3e25f4526e84593/f55ce0cd-bcb8-4452-a4d5-c16f2875d184/pongsant+poster.jpg	assets/site-import/images/0185_pongsant+poster.jpg
https://www.pongsantchin.com/graphic-design/project-two-llrgk-499cz	https://images.squarespace-cdn.com/content/v1/67ede6ebb3e25f4526e84593/878a1100-7fb1-4e58-a0d5-af38de422e57/john+lennon.jpg	assets/site-import/images/0112_john+lennon.jpg
https://www.pongsantchin.com/graphic-design/font-design-1	https://images.squarespace-cdn.com/content/v1/67ede6ebb3e25f4526e84593/fdc8b0d0-761f-4f54-a375-6a3d35bc5093/1.jpg	assets/site-import/images/0194_1.jpg
https://www.pongsantchin.com/graphic-design/font-design-1	https://images.squarespace-cdn.com/content/v1/67ede6ebb3e25f4526e84593/204d8410-480f-4edd-bc1b-5dfda3b716b8/2.jpg	assets/site-import/images/0028_2.jpg
https://www.pongsantchin.com/graphic-design/font-design-1	https://images.squarespace-cdn.com/content/v1/67ede6ebb3e25f4526e84593/1f90f523-38bf-4e72-8a58-92853ce6a966/3.jpg	assets/site-import/images/0027_3.jpg
https://www.pongsantchin.com/graphic-design/font-design-1	https://images.squarespace-cdn.com/content/v1/67ede6ebb3e25f4526e84593/e5a788cc-7737-40f0-b495-ec7f72a0ba32/4.jpg	assets/site-import/images/0173_4.jpg
https://www.pongsantchin.com/graphic-design/font-design-1	https://images.squarespace-cdn.com/content/v1/67ede6ebb3e25f4526e84593/2b365bf4-663d-46d4-a94b-1b00348d7f7f/5.jpg	assets/site-import/images/0034_5.jpg
https://www.pongsantchin.com/graphic-design/font-design-1	https://images.squarespace-cdn.com/content/v1/67ede6ebb3e25f4526e84593/fd08adc6-0748-4989-afe4-c7b6016a241b/6.jpg	assets/site-import/images/0193_6.jpg
https://www.pongsantchin.com/graphic-design/font-design-2	https://images.squarespace-cdn.com/content/v1/67ede6ebb3e25f4526e84593/44db970e-fe94-4edc-b740-3e8127ad0dc3/1.jpg	assets/site-import/images/0055_1.jpg
https://www.pongsantchin.com/graphic-design/initial-logo-design	https://images.squarespace-cdn.com/content/v1/67ede6ebb3e25f4526e84593/45adfc92-b58d-46d3-807c-e30481e68242/1.jpg	assets/site-import/images/0056_1.jpg
https://www.pongsantchin.com/graphic-design/initial-logo-design	https://images.squarespace-cdn.com/content/v1/67ede6ebb3e25f4526e84593/2b55f2b8-8c2e-4c9f-9091-8ad477ac33f9/3.jpg	assets/site-import/images/0035_3.jpg
https://www.pongsantchin.com/graphic-design/initial-logo-design	https://images.squarespace-cdn.com/content/v1/67ede6ebb3e25f4526e84593/67d7b014-0aa7-409d-8836-a539e5bd72d6/2.jpg	assets/site-import/images/0089_2.jpg
https://www.pongsantchin.com/graphic-design/typographic-systems-handbook	https://images.squarespace-cdn.com/content/v1/67ede6ebb3e25f4526e84593/7c5360e6-4e93-4943-8f74-01dc00199f60/2.jpg	assets/site-import/images/0107_2.jpg
https://www.pongsantchin.com/graphic-design/typographic-systems-handbook	https://images.squarespace-cdn.com/content/v1/67ede6ebb3e25f4526e84593/f1fb6b45-2464-4767-b3d4-5708cbfa900f/1.jpg	assets/site-import/images/0181_1.jpg
https://www.pongsantchin.com/graphic-design/calendar-design	https://images.squarespace-cdn.com/content/v1/67ede6ebb3e25f4526e84593/14f4922e-aebc-46da-bdb8-8becfbff6cdd/1.jpg	assets/site-import/images/0020_1.jpg
https://www.pongsantchin.com/graphic-design/calendar-design	https://images.squarespace-cdn.com/content/v1/67ede6ebb3e25f4526e84593/03f07ad9-6861-418c-af84-92d79b657b90/2.jpg	assets/site-import/images/0003_2.jpg
https://www.pongsantchin.com/graphic-design/calendar-design	https://images.squarespace-cdn.com/content/v1/67ede6ebb3e25f4526e84593/ceef1ae7-c1b2-47d8-9c64-c2cfa2ed7b86/3.jpg	assets/site-import/images/0162_3.jpg
https://www.pongsantchin.com/graphic-design/calendar-design	https://images.squarespace-cdn.com/content/v1/67ede6ebb3e25f4526e84593/6932b573-8925-472b-99e7-72bf3db765ed/4.jpg	assets/site-import/images/0092_4.jpg
https://www.pongsantchin.com/graphic-design/branding-design	https://images.squarespace-cdn.com/content/v1/67ede6ebb3e25f4526e84593/8b6f5a6d-d1b6-4c03-a6bf-4e54360a84fd/2.jpg	assets/site-import/images/0116_2.jpg
https://www.pongsantchin.com/graphic-design/branding-design	https://images.squarespace-cdn.com/content/v1/67ede6ebb3e25f4526e84593/14863baa-c043-4b55-a3ff-87864c0a6507/14.jpg	assets/site-import/images/0017_14.jpg
https://www.pongsantchin.com/graphic-design/branding-design	https://images.squarespace-cdn.com/content/v1/67ede6ebb3e25f4526e84593/5e0db44f-9049-4fd6-a476-082ebb7eed5d/3.jpg	assets/site-import/images/0080_3.jpg
https://www.pongsantchin.com/graphic-design/branding-design	https://images.squarespace-cdn.com/content/v1/67ede6ebb3e25f4526e84593/7516d2e8-189b-445d-9e03-e7197f838f00/15.jpg	assets/site-import/images/0101_15.jpg
https://www.pongsantchin.com/graphic-design/branding-design	https://images.squarespace-cdn.com/content/v1/67ede6ebb3e25f4526e84593/5e1cb020-2d88-4716-8443-c97c0b629b7e/4.jpg	assets/site-import/images/0081_4.jpg
https://www.pongsantchin.com/graphic-design/branding-design	https://images.squarespace-cdn.com/content/v1/67ede6ebb3e25f4526e84593/1232a03c-9d03-42a6-8630-fad71917358b/16.jpg	assets/site-import/images/0016_16.jpg
https://www.pongsantchin.com/graphic-design/branding-design	https://images.squarespace-cdn.com/content/v1/67ede6ebb3e25f4526e84593/9b326f06-2dc3-42a2-a938-c3aeca63c413/5.jpg	assets/site-import/images/0126_5.jpg
https://www.pongsantchin.com/graphic-design/branding-design	https://images.squarespace-cdn.com/content/v1/67ede6ebb3e25f4526e84593/48f829c2-d0e6-4563-98e4-0cb92e711209/17.jpg	assets/site-import/images/0061_17.jpg
https://www.pongsantchin.com/graphic-design/branding-design	https://images.squarespace-cdn.com/content/v1/67ede6ebb3e25f4526e84593/32421ee9-5632-453e-9c23-94975b08910d/6.jpg	assets/site-import/images/0044_6.jpg
https://www.pongsantchin.com/graphic-design/branding-design	https://images.squarespace-cdn.com/content/v1/67ede6ebb3e25f4526e84593/cf1ae0db-a4d7-4690-a770-5ee46f270689/18.jpg	assets/site-import/images/0163_18.jpg
https://www.pongsantchin.com/graphic-design/branding-design	https://images.squarespace-cdn.com/content/v1/67ede6ebb3e25f4526e84593/0212642b-e055-4a5f-9654-29aa68d026e6/7.jpg	assets/site-import/images/0002_7.jpg
https://www.pongsantchin.com/graphic-design/branding-design	https://images.squarespace-cdn.com/content/v1/67ede6ebb3e25f4526e84593/465c56dd-6d5f-4889-8d36-2b8ff0095a12/19.jpg	assets/site-import/images/0058_19.jpg
https://www.pongsantchin.com/graphic-design/branding-design	https://images.squarespace-cdn.com/content/v1/67ede6ebb3e25f4526e84593/a44e5a75-f106-45d3-9fde-4fd0bb626b67/8.jpg	assets/site-import/images/0131_8.jpg
https://www.pongsantchin.com/graphic-design/branding-design	https://images.squarespace-cdn.com/content/v1/67ede6ebb3e25f4526e84593/7b39eee8-3249-4cb5-88af-7780136ee79e/9.jpg	assets/site-import/images/0104_9.jpg
https://www.pongsantchin.com/graphic-design/branding-design	https://images.squarespace-cdn.com/content/v1/67ede6ebb3e25f4526e84593/3e344fdc-1b37-4d54-aa0b-de39726ea721/10.jpg	assets/site-import/images/0051_10.jpg
https://www.pongsantchin.com/graphic-design/branding-design	https://images.squarespace-cdn.com/content/v1/67ede6ebb3e25f4526e84593/5d398c1a-dc1e-438a-ac21-29bbc5093859/11.jpg	assets/site-import/images/0078_11.jpg
https://www.pongsantchin.com/graphic-design/branding-design	https://images.squarespace-cdn.com/content/v1/67ede6ebb3e25f4526e84593/cb8ba4fa-3fca-4a86-9ac2-9fa025d0abee/12.jpg	assets/site-import/images/0158_12.jpg
https://www.pongsantchin.com/graphic-design/branding-design	https://images.squarespace-cdn.com/content/v1/67ede6ebb3e25f4526e84593/ac9c6a4c-4680-4591-b99a-92825b2a10ed/13.jpg	assets/site-import/images/0138_13.jpg
https://www.pongsantchin.com/graphic-design/branding-design	https://images.squarespace-cdn.com/content/v1/67ede6ebb3e25f4526e84593/d95751ab-8c21-4a35-a78e-1bf8e8b427ce/1.jpg	assets/site-import/images/0166_1.jpg
https://www.pongsantchin.com/graphic-design/visual-hierachy-design	https://images.squarespace-cdn.com/content/v1/67ede6ebb3e25f4526e84593/95165987-942c-456a-b494-c4165186f4ca/2.jpg	assets/site-import/images/0121_2.jpg
https://www.pongsantchin.com/graphic-design/visual-hierachy-design	https://images.squarespace-cdn.com/content/v1/67ede6ebb3e25f4526e84593/6647965b-fbbe-4353-8ef5-c35b162e3b58/3.jpg	assets/site-import/images/0087_3.jpg
https://www.pongsantchin.com/graphic-design/visual-hierachy-design	https://images.squarespace-cdn.com/content/v1/67ede6ebb3e25f4526e84593/7bc04372-cbf7-4537-abda-d77426bc346c/4.jpg	assets/site-import/images/0105_4.jpg
https://www.pongsantchin.com/graphic-design/year-poster-design	https://images.squarespace-cdn.com/content/v1/67ede6ebb3e25f4526e84593/ed76f5ea-c1d2-4fac-957b-9b5ce10a76d7/1.jpg	assets/site-import/images/0178_1.jpg
https://www.pongsantchin.com/graphic-design/year-poster-design	https://images.squarespace-cdn.com/content/v1/67ede6ebb3e25f4526e84593/2d4a0d12-7c05-4d06-920b-b9a2c6e2315f/5.jpg	assets/site-import/images/0038_5.jpg
https://www.pongsantchin.com/graphic-design/year-poster-design-2	https://images.squarespace-cdn.com/content/v1/67ede6ebb3e25f4526e84593/ad67a2a2-e5fa-4cda-9965-554d6fa703c2/1.jpg	assets/site-import/images/0139_1.jpg
https://www.pongsantchin.com/graphic-design/year-poster-design-2	https://images.squarespace-cdn.com/content/v1/67ede6ebb3e25f4526e84593/244e0eca-4219-48de-a0a4-6895eb9fd7e8/2.jpg	assets/site-import/images/0031_2.jpg
https://www.pongsantchin.com/graphic-design/year-poster-design-2	https://images.squarespace-cdn.com/content/v1/67ede6ebb3e25f4526e84593/7d31d88f-aca8-4879-8531-f78dadc8065a/3.jpg	assets/site-import/images/0108_3.jpg
https://www.pongsantchin.com/graphic-design/magazine-design	https://images.squarespace-cdn.com/content/v1/67ede6ebb3e25f4526e84593/f9e1c160-d3e1-4fce-9b42-c7d49631f6ab/2.jpg	assets/site-import/images/0190_2.jpg
https://www.pongsantchin.com/graphic-design/magazine-design	https://images.squarespace-cdn.com/content/v1/67ede6ebb3e25f4526e84593/3ad7fe9e-ded7-4997-9657-8dbd686df725/3.jpg	assets/site-import/images/0049_3.jpg
https://www.pongsantchin.com/graphic-design/magazine-design	https://images.squarespace-cdn.com/content/v1/67ede6ebb3e25f4526e84593/2e31642c-4626-46a5-8956-b0435054ac0f/4.jpg	assets/site-import/images/0041_4.jpg
https://www.pongsantchin.com/graphic-design/magazine-design	https://images.squarespace-cdn.com/content/v1/67ede6ebb3e25f4526e84593/6ccaab5d-265a-40a7-8d45-25909884ace3/1.jpg	assets/site-import/images/0096_1.jpg
https://www.pongsantchin.com/graphic-design/magazine-design	https://images.squarespace-cdn.com/content/v1/67ede6ebb3e25f4526e84593/ed54b5c2-a90f-4ae4-b6be-6814fdb77176/5.jpg	assets/site-import/images/0177_5.jpg
https://www.pongsantchin.com/graphic-design/magazine-design	https://images.squarespace-cdn.com/content/v1/67ede6ebb3e25f4526e84593/b07ca8d4-601b-4734-9712-1e80d74b171e/6.jpg	assets/site-import/images/0142_6.jpg
https://www.pongsantchin.com/graphic-design/rebranding-coffeeblack	https://images.squarespace-cdn.com/content/v1/67ede6ebb3e25f4526e84593/095c73af-4dff-4942-8ede-13faac9088b8/1.jpg	assets/site-import/images/0007_1.jpg
https://www.pongsantchin.com/graphic-design/rebranding-coffeeblack	https://images.squarespace-cdn.com/content/v1/67ede6ebb3e25f4526e84593/56d16966-ddaf-4867-823c-3b4ddf21917a/2.jpg	assets/site-import/images/0071_2.jpg
https://www.pongsantchin.com/graphic-design/rebranding-coffeeblack	https://images.squarespace-cdn.com/content/v1/67ede6ebb3e25f4526e84593/6c4a5d8e-a61f-4b79-bea0-412a755e7e5a/3.jpg	assets/site-import/images/0095_3.jpg
https://www.pongsantchin.com/graphic-design/rebranding-coffeeblack	https://images.squarespace-cdn.com/content/v1/67ede6ebb3e25f4526e84593/3c6fe1fc-407c-4103-b283-556bf2b13230/4.jpg	assets/site-import/images/0050_4.jpg
https://www.pongsantchin.com/graphic-design/rebranding-coffeeblack	https://images.squarespace-cdn.com/content/v1/67ede6ebb3e25f4526e84593/c5bd4cf9-bf0f-46f8-a0d3-6b325ff32cbb/5.jpg	assets/site-import/images/0156_5.jpg
https://www.pongsantchin.com/graphic-design/rebranding-coffeeblack	https://images.squarespace-cdn.com/content/v1/67ede6ebb3e25f4526e84593/3786c1d5-cb32-41c3-981d-d264fdadaa04/7.jpg	assets/site-import/images/0046_7.jpg
https://www.pongsantchin.com/graphic-design/rebranding-coffeeblack	https://images.squarespace-cdn.com/content/v1/67ede6ebb3e25f4526e84593/7f22680a-e239-433c-b99b-36783ea0b508/6.jpg	assets/site-import/images/0109_6.jpg
https://www.pongsantchin.com/graphic-design/kwickcook-meal-plan-kit	https://images.squarespace-cdn.com/content/v1/67ede6ebb3e25f4526e84593/fea0f5df-915e-483d-8ac3-d32855b6716d/1.jpg	assets/site-import/images/0196_1.jpg
https://www.pongsantchin.com/graphic-design/kwickcook-meal-plan-kit	https://images.squarespace-cdn.com/content/v1/67ede6ebb3e25f4526e84593/a05449a7-8815-488d-abfd-22af439180e1/2.jpg	assets/site-import/images/0128_2.jpg
https://www.pongsantchin.com/graphic-design/kwickcook-meal-plan-kit	https://images.squarespace-cdn.com/content/v1/67ede6ebb3e25f4526e84593/2e02d764-7f80-4253-a502-a9baa7e95ac9/3.jpg	assets/site-import/images/0040_3.jpg
https://www.pongsantchin.com/graphic-design/postcards-from-the-future	https://images.squarespace-cdn.com/content/v1/67ede6ebb3e25f4526e84593/b8e16909-d416-473c-afcd-fa6973944a18/L1020496+copy.JPG	assets/site-import/images/0148_L1020496+copy.JPG
https://www.pongsantchin.com/graphic-design/postcards-from-the-future	https://images.squarespace-cdn.com/content/v1/67ede6ebb3e25f4526e84593/4ffcb3d9-ddc7-48a5-8530-7632d0d2a264/L1020495+copy.JPG	assets/site-import/images/0065_L1020495+copy.JPG
https://www.pongsantchin.com/graphic-design/postcards-from-the-future	https://images.squarespace-cdn.com/content/v1/67ede6ebb3e25f4526e84593/4098b4c1-0ad6-4c20-aa1f-38395a83e0ad/L1020494+copy.JPG	assets/site-import/images/0053_L1020494+copy.JPG
https://www.pongsantchin.com/graphic-design/postcards-from-the-future	https://images.squarespace-cdn.com/content/v1/67ede6ebb3e25f4526e84593/cbdbcb6f-ddc3-4a02-8ba7-57406b194eef/Untitled-1-01.jpg	assets/site-import/images/0159_Untitled-1-01.jpg
https://www.pongsantchin.com/graphic-design/postcards-from-the-future	https://images.squarespace-cdn.com/content/v1/67ede6ebb3e25f4526e84593/3852c3eb-8904-4897-9539-ee893d84b791/Untitled-1-02.jpg	assets/site-import/images/0048_Untitled-1-02.jpg
https://www.pongsantchin.com/graphic-design/project-one-ephnc-e6ck8	https://images.squarespace-cdn.com/content/v1/67ede6ebb3e25f4526e84593/ae0c9ebe-8d66-4164-b265-151a2d1b82ae/7+deadly+sin.jpg	assets/site-import/images/0141_7+deadly+sin.jpg
https://www.pongsantchin.com/graphic-design/typography-car	https://images.squarespace-cdn.com/content/v1/67ede6ebb3e25f4526e84593/083b9a69-13c3-4b55-80b9-be5ef8596759/car+copy.png	assets/site-import/images/0006_car+copy.png
https://www.pongsantchin.com/graphic-design/project-one-f5w4d-br6yr	https://images.squarespace-cdn.com/content/v1/67ede6ebb3e25f4526e84593/3543917e-30ce-4f70-9c02-dc3ea3f6eb25/Screenshot+2026-01-04+at+22.16.24.png	assets/site-import/images/0045_Screenshot+2026-01-04+at+22.16.24.png
https://www.pongsantchin.com/graphic-design/project-one-f5w4d-br6yr	https://images.squarespace-cdn.com/content/v1/67ede6ebb3e25f4526e84593/c569e97a-3cd4-4e60-af37-49959d9e3425/Screenshot+2026-01-04+at+22.42.57.png	assets/site-import/images/0155_Screenshot+2026-01-04+at+22.42.57.png
https://www.pongsantchin.com/graphic-design/project-one-f5w4d-br6yr	https://images.squarespace-cdn.com/content/v1/67ede6ebb3e25f4526e84593/8868d290-0533-48fb-8ce6-68877d774beb/Screenshot+2026-01-04+at+22.42.42.png	assets/site-import/images/0113_Screenshot+2026-01-04+at+22.42.42.png
https://www.pongsantchin.com/graphic-design/project-one-f5w4d-br6yr	https://images.squarespace-cdn.com/content/v1/67ede6ebb3e25f4526e84593/050cf0e3-d77b-436b-9da6-a2c649ec0e84/Screenshot+2026-01-04+at+22.43.11.png	assets/site-import/images/0005_Screenshot+2026-01-04+at+22.43.11.png
https://www.pongsantchin.com/graphic-design/project-one-f5w4d-br6yr	https://images.squarespace-cdn.com/content/v1/67ede6ebb3e25f4526e84593/90afa1d1-d836-45ab-aec6-0709fff59930/Screenshot+2026-01-04+at+22.43.33.png	assets/site-import/images/0119_Screenshot+2026-01-04+at+22.43.33.png
https://www.pongsantchin.com/graphic-design/project-one-f5w4d-br6yr	https://images.squarespace-cdn.com/content/v1/67ede6ebb3e25f4526e84593/fdf2aebd-6869-46a8-8592-ad4b04b1274a/Screenshot+2026-01-04+at+22.43.46.png	assets/site-import/images/0195_Screenshot+2026-01-04+at+22.43.46.png
https://www.pongsantchin.com/graphic-design/project-one-f5w4d-ebxzf	https://images.squarespace-cdn.com/content/v1/67ede6ebb3e25f4526e84593/642cd62d-883e-4d37-84da-6fb4b1b499f3/p1.jpg	assets/site-import/images/0085_p1.jpg
https://www.pongsantchin.com/graphic-design/project-one-f5w4d-ebxzf	https://images.squarespace-cdn.com/content/v1/67ede6ebb3e25f4526e84593/5286c7a1-df79-4bcf-80be-5ded77385923/p2.jpg	assets/site-import/images/0067_p2.jpg
https://www.pongsantchin.com/graphic-design/project-one-f5w4d-ebxzf	https://images.squarespace-cdn.com/content/v1/67ede6ebb3e25f4526e84593/7c21f14a-359f-4599-97e4-e435bf690ca8/p3.jpg	assets/site-import/images/0106_p3.jpg
https://www.pongsantchin.com/graphic-design/project-one-f5w4d-ebxzf	https://images.squarespace-cdn.com/content/v1/67ede6ebb3e25f4526e84593/b3f26aa9-8c85-4b58-bfb2-a88a79098da2/p4.jpg	assets/site-import/images/0143_p4.jpg
https://www.pongsantchin.com/graphic-design/project-one-f5w4d-ebxzf	https://images.squarespace-cdn.com/content/v1/67ede6ebb3e25f4526e84593/99f40569-f113-444f-83b8-167739310fe4/p5.jpg	assets/site-import/images/0125_p5.jpg
https://www.pongsantchin.com/graphic-design/project-one-f5w4d-ebxzf	https://images.squarespace-cdn.com/content/v1/67ede6ebb3e25f4526e84593/c16b1523-0645-4c4e-8461-2219839d03f7/p6.jpg	assets/site-import/images/0152_p6.jpg
https://www.pongsantchin.com/graphic-design/project-one-f5w4d-ebxzf	https://images.squarespace-cdn.com/content/v1/67ede6ebb3e25f4526e84593/00a7cafd-bbf2-4d94-bce9-8b93b8f8db54/p7.jpg	assets/site-import/images/0001_p7.jpg
https://www.pongsantchin.com/graphic-design/project-one-f5w4d-ebxzf	https://images.squarespace-cdn.com/content/v1/67ede6ebb3e25f4526e84593/d628621e-731e-4502-81f0-29be4b1c5ff5/p8.jpg	assets/site-import/images/0165_p8.jpg
https://www.pongsantchin.com/graphic-design/project-one-f5w4d-ebxzf	https://images.squarespace-cdn.com/content/v1/67ede6ebb3e25f4526e84593/2c1ec0f3-2185-40c7-b147-86a4294c0090/p10.jpg	assets/site-import/images/0037_p10.jpg
https://www.pongsantchin.com/graphic-design/project-one-f5w4d-ebxzf	https://images.squarespace-cdn.com/content/v1/67ede6ebb3e25f4526e84593/a5a2ddfd-1893-43a3-b28d-7abd89bddc0f/p9.jpg	assets/site-import/images/0132_p9.jpg
https://www.pongsantchin.com/graphic-design/project-one-f5w4d-ebxzf	https://images.squarespace-cdn.com/content/v1/67ede6ebb3e25f4526e84593/f0b6bd15-60cf-4d9b-b2e2-3ec793ce6467/p11.jpg	assets/site-import/images/0179_p11.jpg
https://www.pongsantchin.com/graphic-design/project-one-f5w4d-ebxzf	https://images.squarespace-cdn.com/content/v1/67ede6ebb3e25f4526e84593/f503d91b-bc6c-4b38-9165-5b0618d46f97/p12.jpg	assets/site-import/images/0184_p12.jpg
https://www.pongsantchin.com/graphic-design/project-one-f5w4d-ebxzf	https://images.squarespace-cdn.com/content/v1/67ede6ebb3e25f4526e84593/0e9a5086-f041-45ed-9c4e-20411923f098/p13.jpg	assets/site-import/images/0013_p13.jpg
https://www.pongsantchin.com/graphic-design/project-one-f5w4d-ebxzf	https://images.squarespace-cdn.com/content/v1/67ede6ebb3e25f4526e84593/727156ea-7f94-4890-90f7-4d9a5811003f/p14.jpg	assets/site-import/images/0098_p14.jpg
https://www.pongsantchin.com/graphic-design/project-one-f5w4d-ebxzf	https://images.squarespace-cdn.com/content/v1/67ede6ebb3e25f4526e84593/14fdd98c-5e77-45b9-96b2-21bee61e2a47/p15.jpg	assets/site-import/images/0021_p15.jpg
https://www.pongsantchin.com/coding/project-three-8zgh7-xtbsr	https://images.squarespace-cdn.com/content/v1/67ede6ebb3e25f4526e84593/ac3544fb-170f-4827-81ee-f4ada9d3646a/IMG_6190.JPG	assets/site-import/images/0136_IMG_6190.JPG
https://www.pongsantchin.com/coding/project-three-8zgh7-xtbsr	https://images.squarespace-cdn.com/content/v1/67ede6ebb3e25f4526e84593/122a1426-2aa1-4038-92f7-23b2d8ddae49/IMG_6192+copy.JPG	assets/site-import/images/0015_IMG_6192+copy.JPG
https://www.pongsantchin.com/coding/project-two-llrgk-kx83j	https://images.squarespace-cdn.com/content/v1/67ede6ebb3e25f4526e84593/3f831bba-5840-4d8f-85ab-08bfe33455f2/2.jpg	assets/site-import/images/0052_2.jpg
https://www.pongsantchin.com/coding/project-one-ephnc-ngeg5	https://images.squarespace-cdn.com/content/v1/67ede6ebb3e25f4526e84593/e6f2c499-121e-4390-a6bf-ed4d9c53f49f/1.jpg	assets/site-import/images/0174_1.jpg
https://www.pongsantchin.com/coding/project-one-ephnc-ngeg5	https://images.squarespace-cdn.com/content/v1/67ede6ebb3e25f4526e84593/ac946779-a4df-4e08-9513-6a95d856ec0c/2.jpg	assets/site-import/images/0137_2.jpg
https://www.pongsantchin.com/coding/project-one-ephnc-ngeg5	https://images.squarespace-cdn.com/content/v1/67ede6ebb3e25f4526e84593/621c22bb-64c9-4995-97e5-c3731f18256d/IMG_4432.JPG	assets/site-import/images/0083_IMG_4432.JPG
https://www.pongsantchin.com/coding/the-last-hope	https://images.squarespace-cdn.com/content/v1/67ede6ebb3e25f4526e84593/2b6e9836-6e8b-4b3e-a9c2-a77eb0b43cd7/f1.2.jpg	assets/site-import/images/0036_f1.2.jpg
https://www.pongsantchin.com/coding/the-last-hope	https://images.squarespace-cdn.com/content/v1/67ede6ebb3e25f4526e84593/aa482113-3d82-4a3b-ad59-a426aeaa96cd/f2.jpg	assets/site-import/images/0135_f2.jpg
https://www.pongsantchin.com/coding/the-last-hope	https://images.squarespace-cdn.com/content/v1/67ede6ebb3e25f4526e84593/f3f14211-11e1-4b34-b9db-41ebe25e2f0b/f3.jpg	assets/site-import/images/0183_f3.jpg
https://www.pongsantchin.com/coding/the-last-hope	https://images.squarespace-cdn.com/content/v1/67ede6ebb3e25f4526e84593/19916359-b3d9-4c62-a912-fd5e5888361c/f4.jpg	assets/site-import/images/0024_f4.jpg
https://www.pongsantchin.com/coding/the-last-hope	https://images.squarespace-cdn.com/content/v1/67ede6ebb3e25f4526e84593/693a0895-6750-4049-96f2-342426628901/f5.jpg	assets/site-import/images/0093_f5.jpg
https://www.pongsantchin.com/coding/the-last-hope	https://images.squarespace-cdn.com/content/v1/67ede6ebb3e25f4526e84593/fa9f5883-1769-44ec-9817-014718fcc65d/f6.jpg	assets/site-import/images/0191_f6.jpg
https://www.pongsantchin.com/coding/the-last-hope	https://images.squarespace-cdn.com/content/v1/67ede6ebb3e25f4526e84593/0dbd6798-91ab-4f1f-bde8-3536b0cd0a73/f7.jpg	assets/site-import/images/0012_f7.jpg
https://www.pongsantchin.com/coding/the-last-hope	https://images.squarespace-cdn.com/content/v1/67ede6ebb3e25f4526e84593/f11d7de2-c311-4f89-be3c-a68d3671e5e9/f8.jpg	assets/site-import/images/0180_f8.jpg
https://www.pongsantchin.com/product/project-two-llrgk-3hjw3	https://images.squarespace-cdn.com/content/v1/67ede6ebb3e25f4526e84593/5350b52f-e049-4a97-9b97-f862e5dadd41/1.jpg	assets/site-import/images/0068_1.jpg
https://www.pongsantchin.com/product/project-two-llrgk-3hjw3	https://images.squarespace-cdn.com/content/v1/67ede6ebb3e25f4526e84593/ecbd37e5-5948-4bff-9ae2-f8761bb92670/2.jpg	assets/site-import/images/0176_2.jpg
https://www.pongsantchin.com/product/project-two-llrgk-3hjw3	https://images.squarespace-cdn.com/content/v1/67ede6ebb3e25f4526e84593/88d28b19-13c7-4b2b-bbb2-efc35eb08e55/3.jpg	assets/site-import/images/0114_3.jpg
https://www.pongsantchin.com/product/project-two-llrgk-3hjw3	https://images.squarespace-cdn.com/content/v1/67ede6ebb3e25f4526e84593/69e33c0f-f2ac-4916-93ed-bb9323ed67cb/4.jpg	assets/site-import/images/0094_4.jpg
https://www.pongsantchin.com/product/project-two-llrgk-3hjw3	https://images.squarespace-cdn.com/content/v1/67ede6ebb3e25f4526e84593/67e9f12b-77e8-47cc-8fa7-091d9c40e637/5.jpg	assets/site-import/images/0090_5.jpg
https://www.pongsantchin.com/product/project-two-llrgk-3hjw3	https://images.squarespace-cdn.com/content/v1/67ede6ebb3e25f4526e84593/7a349246-22db-49d7-80bb-3cfb2f29d648/8.jpg	assets/site-import/images/0102_8.jpg
https://www.pongsantchin.com/product/project-two-llrgk-3hjw3	https://images.squarespace-cdn.com/content/v1/67ede6ebb3e25f4526e84593/2e023ee7-96cb-4172-bb98-44c2336eeb69/7.jpg	assets/site-import/images/0039_7.jpg
https://www.pongsantchin.com/product/project-two-llrgk-3hjw3	https://images.squarespace-cdn.com/content/v1/67ede6ebb3e25f4526e84593/2e819b38-e8f1-445b-a44a-d0ec8d4afa6e/6.jpg	assets/site-import/images/0043_6.jpg
https://www.pongsantchin.com/product/project-one-ephnc-3368k	https://images.squarespace-cdn.com/content/v1/67ede6ebb3e25f4526e84593/0bab3611-d433-4985-9eb3-50b7d3068332/2.jpg	assets/site-import/images/0010_2.jpg
https://www.pongsantchin.com/product/project-one-ephnc-3368k	https://images.squarespace-cdn.com/content/v1/67ede6ebb3e25f4526e84593/38167b1f-7fca-4367-9f72-e489cd49a0b0/1.jpg	assets/site-import/images/0047_1.jpg
https://www.pongsantchin.com/product/project-one-ephnc-3368k	https://images.squarespace-cdn.com/content/v1/67ede6ebb3e25f4526e84593/4cc2cc42-6069-4aed-9fa5-29e3f4d19ceb/3.jpg	assets/site-import/images/0063_3.jpg
https://www.pongsantchin.com/product/project-one-ephnc-3368k	https://images.squarespace-cdn.com/content/v1/67ede6ebb3e25f4526e84593/2a164f4a-aef2-4158-93bd-e1d957f961c1/5.jpg	assets/site-import/images/0033_5.jpg
https://www.pongsantchin.com/product/project-one-ephnc-3368k	https://images.squarespace-cdn.com/content/v1/67ede6ebb3e25f4526e84593/a6fdfe30-4118-43df-9f50-b18ab4d1128a/6.jpg	assets/site-import/images/0133_6.jpg
https://www.pongsantchin.com/product/project-one-ephnc-3368k	https://images.squarespace-cdn.com/content/v1/67ede6ebb3e25f4526e84593/8ba9a14f-9c10-4822-adc6-49a640d3debf/IMG_6166.JPG	assets/site-import/images/0117_IMG_6166.JPG
